Record_name,Norma,Correlacion,Comando
C10_P10_G1.wav,1047.3371815265757,157.74516897573463,10
C10_P10_G2.wav,1055.8924173468338,163.93201473400603,10
C10_P10_G3.wav,1049.2708863756234,179.0108946069671,10
C10_P10_G4.wav,1055.7428528198132,173.47477964011583,10
C10_P10_G5.wav,1061.3988747774977,178.51462167141122,10
C10_P11_G1.wav,1038.376671080602,100.15282509257295,10
C10_P11_G2.wav,1042.2599702323205,158.66638195625617,10
C10_P11_G3.wav,1038.7814305457657,141.08541938042376,10
C10_P11_G4.wav,1049.2797420870045,158.31424508504767,10
C10_P11_G5.wav,1045.5096260674961,145.0667381254463,10
C10_P12_G1.wav,1480.810023942485,929.1617883378923,10
C10_P12_G2.wav,1447.946394167156,1061.2687391677064,10
C10_P12_G3.wav,1806.6131646112005,1260.7780622486619,10
C10_P12_G4.wav,1384.3540639292826,728.5257661123272,10
C10_P12_G5.wav,1598.4743891622427,1139.947719841636,10
C10_P13_G1.wav,1082.8250496297658,303.9139699043863,10
C10_P13_G2.wav,1093.8990252772915,280.4181952882724,10
C10_P13_G3.wav,1086.3708002178098,241.93484479686046,10
C10_P13_G4.wav,1064.5289807379263,189.0353685840528,10
C10_P13_G5.wav,1114.624707423167,294.61243463102136,10
C10_P14_G1.wav,1028.4779816459939,64.98524255855293,10
C10_P14_G2.wav,1028.7851437094694,72.35082286451221,10
C10_P14_G3.wav,1035.5062913336862,103.74577829246441,10
C10_P14_G4.wav,1038.024600372724,130.65725660582706,10
C10_P14_G5.wav,1030.5136105664599,75.58390168590444,10
C10_P15_G1.wav,1065.3956889328372,312.66575833483614,10
C10_P15_G2.wav,1093.9779499326416,238.11797099494817,10
C10_P15_G3.wav,1116.116881356305,364.5661760521228,10
C10_P15_G4.wav,1091.6110132105264,240.24191179893498,10
C10_P15_G5.wav,1054.625715186585,185.17939445719537,10
C10_P16_G1.wav,4600.34160850627,8773.269321403359,10
C10_P16_G2.wav,4847.959379085908,4457.04494037898,10
C10_P16_G3.wav,3578.906293657785,2732.1434376373527,10
C10_P16_G4.wav,4642.098787561725,6407.450350125821,10
C10_P16_G5.wav,3037.0690405120868,3103.7917328690673,10
C10_P17_G1.wav,3588.62217228088,2357.276939651896,10
C10_P17_G2.wav,3596.8474820047522,3254.2037778274516,10
C10_P17_G3.wav,4938.8481610792305,4641.165758686263,10
C10_P17_G4.wav,2934.952109299029,1579.7860276671454,10
C10_P17_G5.wav,3810.718660785656,3907.9729453750897,10
C10_P18_G1.wav,2871.6379749104394,2230.1999258945825,10
C10_P18_G2.wav,2364.299751600867,1625.6997269607598,10
C10_P18_G3.wav,2748.3295078728875,1981.376827777904,10
C10_P18_G4.wav,3933.004545533229,3146.931538200796,10
C10_P18_G5.wav,3375.842386749413,1997.8250849168476,10
C10_P1_G1.wav,1038.0911793617813,138.88844102072244,10
C10_P1_G2.wav,1074.6508962505368,262.9739260083733,10
C10_P1_G3.wav,1053.7882454431654,264.44327144712884,10
C10_P1_G4.wav,1039.2555998836183,183.7053309963236,10
C10_P1_G5.wav,1049.1079260214196,137.40508911981036,10
C10_P2_G1.wav,1047.5280630385428,175.79183468508026,10
C10_P2_G2.wav,1051.6483176473753,228.82334227751159,10
C10_P2_G3.wav,1057.7055909908695,227.0271090342985,10
C10_P2_G4.wav,1067.3624291659085,311.08404936402013,10
C10_P2_G5.wav,1081.8982570015091,302.46117632920493,10
C10_P3_G1.wav,1065.500469798102,280.963831510404,10
C10_P3_G2.wav,1062.2939458799206,390.652715021397,10
C10_P3_G3.wav,1079.3292581627757,431.5981402859677,10
C10_P3_G4.wav,1068.8008660518697,293.56611800846827,10
C10_P3_G5.wav,1072.877815948779,313.60386824280744,10
C10_P4_G1.wav,1034.389098445226,66.28609627670154,10
C10_P4_G2.wav,1035.5128324402122,239.75894076360424,10
C10_P4_G3.wav,1032.8692613606083,105.58756690335814,10
C10_P4_G4.wav,1037.6748979063364,85.85178273432416,10
C10_P4_G5.wav,1043.507343651925,232.5402544664738,10
C10_P5_G1.wav,1130.6811445192332,463.6649752935283,10
C10_P5_G2.wav,1138.1883615596796,428.8603653086232,10
C10_P5_G3.wav,1118.7709523829208,382.85606341501335,10
C10_P5_G4.wav,1085.6325345065004,302.1835198720994,10
C10_P5_G5.wav,1079.2761700379276,296.76805873357733,10
C10_P6_G1.wav,1054.3331212510186,204.31787442302488,10
C10_P6_G2.wav,1070.7522454476864,248.6955756021737,10
C10_P6_G3.wav,1085.9868229139663,306.3226430117124,10
C10_P6_G4.wav,1041.0438631209884,114.36406604576685,10
C10_P6_G5.wav,1084.9528792661113,260.4139992404333,10
C10_P7_G1.wav,1075.778343427083,216.40038283864502,10
C10_P7_G2.wav,1065.6860157410817,193.7171917649516,10
C10_P7_G3.wav,1100.1970657800907,269.5013671083654,10
C10_P7_G4.wav,1061.6120104960476,180.02523231068005,10
C10_P7_G5.wav,1093.2960769288004,299.3795327141051,10
C10_P8_G1.wav,1057.488654539186,221.84792237968932,10
C10_P8_G2.wav,1054.7147802134937,231.7714159861884,10
C10_P8_G3.wav,1064.6492607168775,263.13028331786234,10
C10_P8_G4.wav,1064.0898816536546,274.95367239525416,10
C10_P8_G5.wav,1064.5245960539405,266.09492557488306,10
C10_P9_G1.wav,1036.2472957792843,138.28596688376615,10
C10_P9_G2.wav,1034.670098953318,119.52006436440445,10
C10_P9_G3.wav,1035.840788463699,109.08130203710974,10
C10_P9_G4.wav,1036.2766995626064,114.23801353692909,10
C10_P9_G5.wav,1032.3748194420134,96.13119138739992,10
C11_P10_G1.wav,1047.5402349549113,254.9298917768657,11
C11_P10_G2.wav,1052.1352798976206,302.7426230218362,11
C11_P10_G3.wav,1064.5233637551112,232.42077665873143,11
C11_P10_G4.wav,1049.3513011933792,211.2376451124597,11
C11_P10_G5.wav,1061.2491601499912,284.6848910421833,11
C11_P11_G1.wav,1037.487654458482,326.05469444466104,11
C11_P11_G2.wav,1032.431394403304,273.37799952824764,11
C11_P11_G3.wav,1048.2673799186807,247.54613438079673,11
C11_P11_G4.wav,1047.9824160289052,278.31702862817536,11
C11_P11_G5.wav,1043.8817334098162,397.5733423354475,11
C11_P12_G1.wav,1255.779135959171,494.5234807582952,11
C11_P12_G2.wav,1253.6833193285586,736.4472623311682,11
C11_P12_G3.wav,1159.1108449199671,635.4522654196262,11
C11_P12_G4.wav,1143.4090737241984,379.19471294745176,11
C11_P12_G5.wav,1161.5992377460263,626.0931258254329,11
C11_P13_G1.wav,1053.564355542392,288.8721801666672,11
C11_P13_G2.wav,1053.0390348885692,271.56193998370185,11
C11_P13_G3.wav,1044.8814452323086,242.50635308556062,11
C11_P13_G4.wav,1044.0483227491222,206.4008497337999,11
C11_P13_G5.wav,1045.4394934562683,257.5778876637454,11
C11_P14_G1.wav,1030.2852231779386,156.27318625450692,11
C11_P14_G2.wav,1028.0592877364495,113.65334027479506,11
C11_P14_G3.wav,1136.8948802014552,533.213392309784,11
C11_P14_G4.wav,1034.4343886600664,135.07916154483658,11
C11_P14_G5.wav,1038.6810995966978,197.41765960718502,11
C11_P15_G1.wav,1075.7915970385422,329.06419747865465,11
C11_P15_G2.wav,1055.4821633922884,247.31000877117432,11
C11_P15_G3.wav,1080.7219660379944,306.1820642018125,11
C11_P15_G4.wav,1075.691388970509,356.23856437281415,11
C11_P15_G5.wav,1073.0175651943828,329.0958944895357,11
C11_P16_G1.wav,4124.928166239184,8631.13676838183,11
C11_P16_G2.wav,4807.913538376007,6722.913467593958,11
C11_P16_G3.wav,4274.370869064413,6356.135833618617,11
C11_P16_G4.wav,5592.729476875477,8329.53173942912,11
C11_P16_G5.wav,4261.429678615894,3203.368697636085,11
C11_P17_G1.wav,4445.7539812133755,5372.2549904171165,11
C11_P17_G2.wav,4502.712235305334,10301.972422508492,11
C11_P17_G3.wav,5078.824539254399,7074.258647904569,11
C11_P17_G4.wav,3856.8879672824373,2881.774591023192,11
C11_P17_G5.wav,4212.50230949305,6489.165189497965,11
C11_P18_G1.wav,4144.974910154491,4509.607344729405,11
C11_P18_G2.wav,5880.6751892755565,6218.035583057539,11
C11_P18_G3.wav,3180.131131923762,3579.9846710548827,11
C11_P18_G4.wav,4211.698000983139,4468.253123790333,11
C11_P18_G5.wav,3620.4350664687104,3941.3699074161623,11
C11_P1_G1.wav,1035.5138933262822,100.55324027632773,11
C11_P1_G2.wav,1033.2142692218129,128.66696715824233,11
C11_P1_G3.wav,1032.9381493447577,88.59893950473842,11
C11_P1_G4.wav,1035.0520400139228,110.95675220117849,11
C11_P1_G5.wav,1032.7616903085127,89.85504097966637,11
C11_P2_G1.wav,1045.7844745867176,330.60353247900457,11
C11_P2_G2.wav,1032.435377783134,195.89086443139325,11
C11_P2_G3.wav,1036.0302432557894,172.73926601328708,11
C11_P2_G4.wav,1036.680049858237,201.64439364616447,11
C11_P2_G5.wav,1042.9849463448056,239.4661059267009,11
C11_P3_G1.wav,1067.8221909838007,413.75338885132464,11
C11_P3_G2.wav,1063.6142304060356,337.8054815714727,11
C11_P3_G3.wav,1092.4897986678388,506.47398426884206,11
C11_P3_G4.wav,1088.9205256418757,572.1344910195908,11
C11_P3_G5.wav,1064.5925219446365,345.0608664760667,11
C11_P4_G1.wav,1026.2002490482987,68.96653006490529,11
C11_P4_G2.wav,1028.3570458615798,129.25790306358772,11
C11_P4_G3.wav,1026.691593108348,70.97559352336968,11
C11_P4_G4.wav,1029.0959126221487,76.59707143213032,11
C11_P4_G5.wav,1046.032545336128,253.03786340956552,11
C11_P5_G1.wav,1047.0586620970912,313.6545246464698,11
C11_P5_G2.wav,1046.5424800465082,474.6440821025888,11
C11_P5_G3.wav,1046.3051525644223,272.332627036599,11
C11_P5_G4.wav,1043.027030613192,233.96033975110714,11
C11_P5_G5.wav,1061.5974374033071,296.255390524269,11
C11_P6_G1.wav,1158.7203899495125,574.6463161956694,11
C11_P6_G2.wav,1064.24263255947,511.8299807819426,11
C11_P6_G3.wav,1054.5194792673744,428.3484894012206,11
C11_P6_G4.wav,1063.9756381701616,511.96256767463234,11
C11_P6_G5.wav,1086.0742474952353,818.2678558644684,11
C11_P7_G1.wav,1049.9267905841023,189.12196508890926,11
C11_P7_G2.wav,1047.4448408237647,169.54558964541266,11
C11_P7_G3.wav,1044.4568694473553,174.80486244312831,11
C11_P7_G4.wav,1040.593753280477,162.94054797267606,11
C11_P7_G5.wav,1045.1422539485036,186.9378323604752,11
C11_P8_G1.wav,1036.2903491370516,122.93956646716757,11
C11_P8_G2.wav,1030.1041229936063,123.71721549924065,11
C11_P8_G3.wav,1031.3973615323196,146.37566721498857,11
C11_P8_G4.wav,1033.0115282109516,108.30992463629204,11
C11_P8_G5.wav,1034.1723286973192,139.99853615816127,11
C11_P9_G1.wav,1027.8840492621746,96.27526265297537,11
C11_P9_G2.wav,1033.400604690807,130.36444687859722,11
C11_P9_G3.wav,1033.7205568263212,172.2772302011993,11
C11_P9_G4.wav,1030.6037644571427,113.48579850925941,11
C11_P9_G5.wav,1033.2426512694203,198.8900642343501,11
C1_P10_G1.wav,1039.2738007044798,202.74001369046871,1
C1_P10_G2.wav,1041.7328941456897,321.09708830391065,1
C1_P10_G3.wav,1033.4781202713516,175.8080159824937,1
C1_P10_G4.wav,1034.1958017969973,239.38223717524772,1
C1_P10_G5.wav,1037.760889830944,202.7102243906443,1
C1_P11_G1.wav,1042.8801625169667,122.99991670915956,1
C1_P11_G2.wav,1053.8122711260587,200.5446277414096,1
C1_P11_G3.wav,1041.8501523205964,167.78296028125118,1
C1_P11_G4.wav,1048.4556674280402,192.76450879527943,1
C1_P11_G5.wav,1050.7840829558288,204.57889280893238,1
C1_P12_G1.wav,1304.2625748134046,737.3108378504562,1
C1_P12_G2.wav,1241.3354385829766,568.2063479002957,1
C1_P12_G3.wav,1243.0805172340833,533.4649598203599,1
C1_P12_G4.wav,1412.726434262316,769.229391785441,1
C1_P12_G5.wav,1335.2950754893573,677.7899692782098,1
C1_P13_G1.wav,1335.2950754893573,677.7899692782098,1
C1_P13_G2.wav,1241.3354385829766,568.2063479002957,1
C1_P13_G3.wav,1304.2625748134046,737.3108378504562,1
C1_P13_G4.wav,1243.0805172340833,533.4649598203599,1
C1_P13_G5.wav,1412.726434262316,769.229391785441,1
C1_P14_G1.wav,1163.0450500464985,498.14028147390127,1
C1_P14_G2.wav,1103.2679256095303,392.3907922533101,1
C1_P14_G3.wav,1050.2419322296553,155.5528359585915,1
C1_P14_G4.wav,1052.1523115635473,178.8993295697331,1
C1_P14_G5.wav,1043.3256726533689,145.62770089263137,1
C1_P15_G1.wav,1088.5797885272189,367.2768727578738,1
C1_P15_G2.wav,1109.841391698903,361.87662443595116,1
C1_P15_G3.wav,1150.7587159081945,465.4871442130733,1
C1_P15_G4.wav,1137.7363845662398,427.61040581370463,1
C1_P15_G5.wav,1193.929413518057,573.9558538966405,1
C1_P16_G1.wav,4730.8851363700405,15832.414259234567,1
C1_P16_G2.wav,4913.864428508406,10056.54137274824,1
C1_P16_G3.wav,5555.9187331282255,12067.902588797544,1
C1_P16_G4.wav,5680.84897417662,10007.114665089177,1
C1_P16_G5.wav,6165.423344767691,8787.178553205234,1
C1_P17_G1.wav,5612.947291564312,14122.430999304092,1
C1_P17_G2.wav,5138.981621492493,12267.548313745816,1
C1_P17_G3.wav,5270.793457520196,19865.72092766304,1
C1_P17_G4.wav,7082.901065764688,22852.45641757161,1
C1_P17_G5.wav,3605.976097324856,8988.378195250021,1
C1_P18_G1.wav,5067.688404138852,9418.227314463671,1
C1_P18_G2.wav,5927.018259382265,7842.452146451624,1
C1_P18_G3.wav,5096.0033012833455,6651.376390729833,1
C1_P18_G4.wav,3924.2500816718766,6605.250450684857,1
C1_P18_G5.wav,4627.988135393847,7492.042458456223,1
C1_P1_G1.wav,1039.6323457331605,185.8983528629441,1
C1_P1_G2.wav,1031.7029735335263,146.42990475868018,1
C1_P1_G3.wav,1033.9714461861647,123.56145108616109,1
C1_P1_G4.wav,1029.2828485360412,153.75566345323713,1
C1_P1_G5.wav,1031.185329284943,181.6476309074896,1
C1_P2_G1.wav,1042.7491416022742,334.9712726347036,1
C1_P2_G2.wav,1032.6314265781307,127.06484409356716,1
C1_P2_G3.wav,1046.28911141159,222.78471388287053,1
C1_P2_G4.wav,1053.030156690656,248.64929115155888,1
C1_P2_G5.wav,1063.7124646059501,254.2199172185157,1
C1_P3_G1.wav,1070.8565704310533,226.21665899107109,1
C1_P3_G2.wav,1062.8172130475584,309.7901830728845,1
C1_P3_G3.wav,1063.6835675837976,411.3226945586169,1
C1_P3_G4.wav,1067.7635102888044,389.0558532201145,1
C1_P3_G5.wav,1052.331550499246,417.8735131295705,1
C1_P4_G1.wav,1032.2322195052993,171.3623082098363,1
C1_P4_G2.wav,1056.768458248758,219.40826450228593,1
C1_P4_G3.wav,1073.4072713597923,280.424840176106,1
C1_P4_G4.wav,1067.3241176772478,212.17727266868167,1
C1_P4_G5.wav,1045.6638525998046,185.6948105923065,1
C1_P5_G1.wav,1060.5247734471043,238.55576213259957,1
C1_P5_G2.wav,1045.7743688138837,188.7504231933331,1
C1_P5_G3.wav,1052.8751792328655,150.33389038337978,1
C1_P5_G4.wav,1043.3378141368567,152.26126407887753,1
C1_P5_G5.wav,1077.726246830772,236.8561454104784,1
C1_P6_G1.wav,1219.911847002829,1118.6620611883097,1
C1_P6_G2.wav,1091.4379237717148,538.9160981600988,1
C1_P6_G3.wav,1099.7901762353292,569.3650119044178,1
C1_P6_G4.wav,1099.182555910308,446.82407421824485,1
C1_P6_G5.wav,1128.4418990928934,560.6516899426883,1
C1_P7_G1.wav,1074.4507146097237,171.09425230000582,1
C1_P7_G2.wav,1070.2509000623927,201.78385210159837,1
C1_P7_G3.wav,1099.8127568810728,290.1545153325278,1
C1_P7_G4.wav,1103.1742168305027,258.11767723988066,1
C1_P7_G5.wav,1159.4421425068879,367.01538172671377,1
C1_P8_G1.wav,1062.8415580926348,326.92729784556604,1
C1_P8_G2.wav,1047.7562434294448,166.47155732801332,1
C1_P8_G3.wav,1046.971690090548,207.75801469315056,1
C1_P8_G4.wav,1051.4693109989664,210.84353056070563,1
C1_P8_G5.wav,1040.7572237579698,186.77455917311764,1
C1_P9_G1.wav,1125.2532927893305,466.5048218908787,1
C1_P9_G2.wav,1067.684333689919,683.6087562798531,1
C1_P9_G3.wav,1077.4721168928568,406.4171569478494,1
C1_P9_G4.wav,1109.3135081431876,464.2190591350508,1
C1_P9_G5.wav,1062.6993424212778,353.81212417998086,1
C2_P10_G1.wav,1041.3959475431957,476.99237665099037,2
C2_P10_G2.wav,1035.8325623504666,328.3941382007534,2
C2_P10_G3.wav,1053.3474523684438,350.65707740345596,2
C2_P10_G4.wav,1048.1674643533356,383.5087895674164,2
C2_P10_G5.wav,1045.5204883014728,491.8721506752103,2
C2_P11_G1.wav,1049.1324493334776,482.5360606322812,2
C2_P11_G2.wav,1055.4276061319738,611.6794413553426,2
C2_P11_G3.wav,1076.6900140186983,744.2551908902625,2
C2_P11_G4.wav,1076.5276733806795,663.1457506117681,2
C2_P11_G5.wav,1082.4352746804936,713.0060185238325,2
C2_P12_G1.wav,1578.627740979391,971.6454119630321,2
C2_P12_G2.wav,1265.543622979427,909.797875064648,2
C2_P12_G3.wav,1320.7552179703066,843.9313837971426,2
C2_P12_G4.wav,1392.902481423349,1100.2664644297681,2
C2_P12_G5.wav,1400.175969059373,898.3098976752431,2
C2_P13_G1.wav,1137.2171164269894,1164.6390160398828,2
C2_P13_G2.wav,1119.3028089823622,971.3217812694124,2
C2_P13_G3.wav,1125.814320575822,1245.3674054212015,2
C2_P13_G4.wav,1085.8968231358135,596.5154993133326,2
C2_P13_G5.wav,1099.3340758678103,989.0176913957444,2
C2_P14_G1.wav,1096.968392692278,544.8065816596867,2
C2_P14_G2.wav,1069.6796313964978,570.5850748358632,2
C2_P14_G3.wav,1057.6294363846832,491.5279088546271,2
C2_P14_G4.wav,1052.7168966043023,436.3195431826528,2
C2_P14_G5.wav,1042.0273924639723,390.6870751480189,2
C2_P15_G1.wav,1121.4983733268932,583.9884172817456,2
C2_P15_G2.wav,1112.7925226518648,484.1437074047964,2
C2_P15_G3.wav,1101.4473716553414,438.0877409936394,2
C2_P15_G4.wav,1075.4908915899896,379.6286030356913,2
C2_P15_G5.wav,1097.8076655781722,424.5880602677194,2
C2_P16_G1.wav,6205.4577886873885,22035.69456695835,2
C2_P16_G2.wav,5808.695124825114,14936.198933329668,2
C2_P16_G3.wav,6063.271209519052,16036.976341328334,2
C2_P16_G4.wav,4795.397904379359,11170.755337893708,2
C2_P16_G5.wav,5535.188847956955,12679.068805795045,2
C2_P17_G1.wav,4591.573270214089,8154.18808900462,2
C2_P17_G2.wav,3533.027431363345,6476.205738450637,2
C2_P17_G3.wav,6148.547759481524,12681.610165187943,2
C2_P17_G4.wav,3876.503035360365,6483.4358920532895,2
C2_P17_G5.wav,5447.603136980728,9431.382521586165,2
C2_P18_G1.wav,4165.529460223233,9050.509129074046,2
C2_P18_G2.wav,4208.300138917842,8207.195072211576,2
C2_P18_G3.wav,3359.2294645148418,8835.920276585523,2
C2_P18_G4.wav,4282.1522732060075,9323.209817295869,2
C2_P18_G5.wav,5207.006397647338,13222.614583988932,2
C2_P1_G1.wav,1034.8033468086837,204.23582825470024,2
C2_P1_G2.wav,1041.2554643673027,326.12181782812814,2
C2_P1_G3.wav,1047.3137570855472,400.0947591538478,2
C2_P1_G4.wav,1042.9337612178301,324.8744318170985,2
C2_P1_G5.wav,1031.9104272930826,147.6224847714899,2
C2_P2_G1.wav,1044.8731722027123,327.3671979264489,2
C2_P2_G2.wav,1045.2306617642523,298.977674404851,2
C2_P2_G3.wav,1051.5706897064945,411.38903496914907,2
C2_P2_G4.wav,1042.6144446243409,317.29832916095853,2
C2_P2_G5.wav,1042.4564910501588,288.0496935110392,2
C2_P3_G1.wav,1106.7949757654394,721.382284631475,2
C2_P3_G2.wav,1108.4176782386535,453.60559618727723,2
C2_P3_G3.wav,1067.9859763947852,504.0528225242557,2
C2_P3_G4.wav,1088.9822557344887,554.3278280583555,2
C2_P3_G5.wav,1077.0869375343452,547.3359519322361,2
C2_P4_G1.wav,1037.8245777029933,178.80202811620538,2
C2_P4_G2.wav,1034.3562473741204,173.2189549167189,2
C2_P4_G3.wav,1042.989937261583,176.35128088534972,2
C2_P4_G4.wav,1040.8981071583412,308.0235785743629,2
C2_P4_G5.wav,1037.1008963908523,249.97273454057964,2
C2_P5_G1.wav,1059.2961458893185,320.01119069779486,2
C2_P5_G2.wav,1052.0944764483372,305.0296220403209,2
C2_P5_G3.wav,1052.4572168075242,260.11756472583687,2
C2_P5_G4.wav,1039.7009900555038,229.47813833871524,2
C2_P5_G5.wav,1051.095828756728,273.9599866207452,2
C2_P6_G1.wav,1084.8512045080813,903.9411859542104,2
C2_P6_G2.wav,1076.293891975775,620.6692879376437,2
C2_P6_G3.wav,1088.3165473511103,777.9810761390262,2
C2_P6_G4.wav,1088.2568506874145,772.8092230016684,2
C2_P6_G5.wav,1070.588174065744,724.3615048928142,2
C2_P7_G1.wav,1070.6606999988808,373.92037203067497,2
C2_P7_G2.wav,1077.954468712966,387.7068844045758,2
C2_P7_G3.wav,1086.2981415128893,476.6736897511042,2
C2_P7_G4.wav,1065.7842148470959,550.2458132582042,2
C2_P7_G5.wav,1066.043934065967,414.1551643731997,2
C2_P8_G1.wav,1050.1690064095371,278.48689892564795,2
C2_P8_G2.wav,1060.8557505764231,270.23429643649064,2
C2_P8_G3.wav,1055.7158419550617,236.05430540666327,2
C2_P8_G4.wav,1050.5835935547093,226.77058480767934,2
C2_P8_G5.wav,1049.8099220878687,198.6533321295641,2
C2_P9_G1.wav,1078.3471341673162,618.2623697757882,2
C2_P9_G2.wav,1079.1878511012883,701.8511612758704,2
C2_P9_G3.wav,1084.375862714658,965.2897359909624,2
C2_P9_G4.wav,1076.6513594269563,671.582963721385,2
C2_P9_G5.wav,1088.300283598246,898.2215808146318,2
C3_P10_G1.wav,1078.7365789032156,407.3119160344645,3
C3_P10_G2.wav,1087.3672444046824,693.1416894108299,3
C3_P10_G3.wav,1089.0766482041956,732.7046811613868,3
C3_P10_G4.wav,1080.4031751284967,640.2435287169712,3
C3_P10_G5.wav,1060.9299157140274,319.20442564196185,3
C3_P11_G1.wav,1043.5561871964003,352.33776403169907,3
C3_P11_G2.wav,1052.5335248523745,466.9112664576838,3
C3_P11_G3.wav,1066.9265565675623,446.7380401328185,3
C3_P11_G4.wav,1064.0010950621916,449.36221793910306,3
C3_P11_G5.wav,1098.0206172814976,578.717258324255,3
C3_P12_G1.wav,1819.952749281072,2121.0866374592033,3
C3_P12_G2.wav,1572.2509376663504,2087.6067073623635,3
C3_P12_G3.wav,1645.8668760280948,1958.5399735255128,3
C3_P12_G4.wav,1773.361660819563,1893.3349808711725,3
C3_P12_G5.wav,1638.278183206474,1252.6862395020235,3
C3_P13_G1.wav,1063.2447357736096,764.9459263285107,3
C3_P13_G2.wav,1052.282734445721,608.5050778671106,3
C3_P13_G3.wav,1051.6295569878616,724.5002562311113,3
C3_P13_G4.wav,1038.4768945153864,393.9161213574831,3
C3_P13_G5.wav,1078.7715587995683,798.4307751196246,3
C3_P14_G1.wav,1060.0778916709914,541.652213424464,3
C3_P14_G2.wav,1120.8639968095097,731.8936169809268,3
C3_P14_G3.wav,1055.3542213106869,428.75020333585,3
C3_P14_G4.wav,1044.1446500801246,375.116774331276,3
C3_P14_G5.wav,1030.6535709283771,157.21349961559463,3
C3_P15_G1.wav,1057.188215633747,359.81293507484133,3
C3_P15_G2.wav,1047.4079649619805,374.22158723820974,3
C3_P15_G3.wav,1055.7535488577,366.14289410403575,3
C3_P15_G4.wav,1049.7540627259973,437.60381149724816,3
C3_P15_G5.wav,1050.7496761714633,371.160503875002,3
C3_P16_G1.wav,6744.495612269456,26981.32489446769,3
C3_P16_G2.wav,7636.367516160291,13276.803228969253,3
C3_P16_G3.wav,7636.367516160291,13276.803228969253,3
C3_P16_G4.wav,6201.442059763018,16779.213646709693,3
C3_P16_G5.wav,6526.432963098377,11893.485744197707,3
C3_P17_G1.wav,5622.6785334587485,4750.758502207101,3
C3_P17_G2.wav,6080.393320268069,5594.174774793373,3
C3_P17_G3.wav,5720.063018695807,6875.982310148988,3
C3_P17_G4.wav,4621.271107793385,8884.279982606955,3
C3_P17_G5.wav,6275.301414270593,5846.4699826527785,3
C3_P18_G1.wav,3512.3470340008635,3192.8779860376562,3
C3_P18_G2.wav,2937.935016315952,3117.357049214309,3
C3_P18_G3.wav,2362.954195486418,1989.875435373096,3
C3_P18_G4.wav,2950.5548583953114,2820.825114286218,3
C3_P18_G5.wav,3685.2857365324935,3549.1398058216346,3
C3_P1_G1.wav,1155.9055497614904,587.47823038308,3
C3_P1_G2.wav,1036.2452892577503,428.9508338369104,3
C3_P1_G3.wav,1035.2609826366693,225.29042515457226,3
C3_P1_G4.wav,1037.6670254995263,444.01712687756,3
C3_P1_G5.wav,1038.0146670918984,469.11276521034137,3
C3_P2_G1.wav,1064.64972171047,584.8649776571117,3
C3_P2_G2.wav,1053.536182878627,448.05424152017815,3
C3_P2_G3.wav,1073.554537244162,589.2080308512668,3
C3_P2_G4.wav,1054.9314434150594,545.9750758443341,3
C3_P2_G5.wav,1054.847584146238,607.5187462792064,3
C3_P3_G1.wav,1123.8812385358556,497.9581111877353,3
C3_P3_G2.wav,1160.53876422158,597.8410558711945,3
C3_P3_G3.wav,1099.3150694240082,509.4824470517104,3
C3_P3_G4.wav,1070.3926698081907,679.5776068785701,3
C3_P3_G5.wav,1118.6836528419103,585.6522408131767,3
C3_P4_G1.wav,1065.2863072856976,251.71601106655646,3
C3_P4_G2.wav,1059.1090660391396,233.59774313944942,3
C3_P4_G3.wav,1045.761219537845,201.60105652750485,3
C3_P4_G4.wav,1039.148793730384,160.33448636508206,3
C3_P4_G5.wav,1041.591353618474,190.283588749514,3
C3_P5_G1.wav,1064.4820311202066,415.4289105699399,3
C3_P5_G2.wav,1054.6088630108432,435.36644447006586,3
C3_P5_G3.wav,1054.330091444342,438.63442822648295,3
C3_P5_G4.wav,1042.1527954569667,279.7296221768227,3
C3_P5_G5.wav,1038.26135450959,266.4212465944873,3
C3_P6_G1.wav,1083.7123974964472,548.3053216412746,3
C3_P6_G2.wav,1060.497981389726,357.42713870941594,3
C3_P6_G3.wav,1059.849653538302,385.93204071780485,3
C3_P6_G4.wav,1053.6192270239667,282.319689674119,3
C3_P6_G5.wav,1050.7432347686463,363.41214594887947,3
C3_P7_G1.wav,1084.9408248839463,432.0156492251782,3
C3_P7_G2.wav,1110.3774410192902,433.3048067549424,3
C3_P7_G3.wav,1071.5775818944383,342.49570592332105,3
C3_P7_G4.wav,1072.9363049346246,349.1797492581141,3
C3_P7_G5.wav,1085.2940695969971,427.11794137101793,3
C3_P8_G1.wav,1061.1349130897645,302.6611988810071,3
C3_P8_G2.wav,1059.3021042750627,274.7533085149992,3
C3_P8_G3.wav,1065.1050473197834,289.083022948737,3
C3_P8_G4.wav,1059.012632748054,242.5464922626781,3
C3_P8_G5.wav,1053.3374038047893,234.4760141958608,3
C3_P9_G1.wav,1055.624518117273,372.3894571604126,3
C3_P9_G2.wav,1074.3338682470076,493.81948733535614,3
C3_P9_G3.wav,1056.809931550491,385.1420092210897,3
C3_P9_G4.wav,1059.313670711898,488.08071177366725,3
C3_P9_G5.wav,1050.6576693110485,314.35958993645784,3
C4_P10_G1.wav,1073.852781140107,794.2103785047373,4
C4_P10_G2.wav,1073.3712992739931,832.1347075595108,4
C4_P10_G3.wav,1062.4365769816723,640.5850985223985,4
C4_P10_G4.wav,1050.0158061091768,678.7810026293838,4
C4_P10_G5.wav,1069.4565326140785,1145.2591999988015,4
C4_P11_G1.wav,1057.6745549903742,593.5070594765368,4
C4_P11_G2.wav,1052.579286298378,526.9221364178434,4
C4_P11_G3.wav,1056.7284918862003,539.5824180887249,4
C4_P11_G4.wav,1043.8451044534872,407.3097142300965,4
C4_P11_G5.wav,1043.5523899980437,463.7421047769515,4
C4_P12_G1.wav,1966.3660855428338,3640.722294502704,4
C4_P12_G2.wav,1750.7440698379392,2939.384796944032,4
C4_P12_G3.wav,1703.2469859218836,2606.888665677689,4
C4_P12_G4.wav,1824.5273011955267,2832.7995743638835,4
C4_P12_G5.wav,1650.1089599317654,2957.7554453400453,4
C4_P13_G1.wav,1168.6022973862641,1164.5871958900616,4
C4_P13_G2.wav,1166.5049921734815,1124.3996964192925,4
C4_P13_G3.wav,1117.592685591178,1064.7333501157589,4
C4_P13_G4.wav,1127.754485511603,931.383614437512,4
C4_P13_G5.wav,1097.6367237412182,701.5789925846057,4
C4_P14_G1.wav,1038.6495928634736,345.55532385091004,4
C4_P14_G2.wav,1032.9393519262171,300.030796850358,4
C4_P14_G3.wav,1034.1797236735456,321.1353053765854,4
C4_P14_G4.wav,1040.6553389556261,473.76792486908187,4
C4_P14_G5.wav,1032.5042455095495,293.0997106474772,4
C4_P15_G1.wav,1177.5865176541645,1243.0542908555458,4
C4_P15_G2.wav,1081.7100980640882,745.5826899663733,4
C4_P15_G3.wav,1131.667671261608,1008.6187950056676,4
C4_P15_G4.wav,1118.0512984885304,888.4739410783368,4
C4_P15_G5.wav,1084.6931069547811,751.4707123429142,4
C4_P16_G1.wav,8402.972247612672,47787.673112351615,4
C4_P16_G2.wav,8137.640880940348,28042.102349712568,4
C4_P16_G3.wav,8111.331968510926,26370.289589679804,4
C4_P16_G4.wav,7708.857337341909,29065.114998092027,4
C4_P16_G5.wav,8044.875631616467,26785.613460636294,4
C4_P17_G1.wav,4011.4190786684253,13597.943840288557,4
C4_P17_G2.wav,4011.4190786684253,13597.943840288557,4
C4_P17_G3.wav,8943.588571876184,17621.087117267492,4
C4_P17_G4.wav,8943.588571876184,17621.087117267492,4
C4_P17_G5.wav,6065.126867242145,18103.02581548193,4
C4_P18_G1.wav,4544.979173551027,14078.077675611543,4
C4_P18_G2.wav,4620.961354331826,16186.484646878424,4
C4_P18_G3.wav,4701.626998777433,16164.3945952416,4
C4_P18_G4.wav,3792.640116238765,11457.361127709011,4
C4_P18_G5.wav,5661.473533964596,18384.658384763003,4
C4_P1_G1.wav,1038.430682963427,386.1280376332898,4
C4_P1_G2.wav,1056.4568391006717,508.5256505855463,4
C4_P1_G3.wav,1030.4915167977936,274.47235661189603,4
C4_P1_G4.wav,1033.1922689529981,288.71918111958354,4
C4_P1_G5.wav,1035.0994536485816,423.4158454706583,4
C4_P2_G1.wav,1090.9966456550328,972.0732026845517,4
C4_P2_G2.wav,1061.484756292446,812.6900761223308,4
C4_P2_G3.wav,1053.759259896078,594.9961861548653,4
C4_P2_G4.wav,1063.6344782656217,672.5192305941297,4
C4_P2_G5.wav,1054.6300750440537,526.1645751839238,4
C4_P3_G1.wav,1116.4470664247697,1226.0227887134645,4
C4_P3_G2.wav,1158.9903040621834,1454.5425664716608,4
C4_P3_G3.wav,1123.4125771247484,1305.3885365764102,4
C4_P3_G4.wav,1100.3889670757212,1227.234987293772,4
C4_P3_G5.wav,1092.01973235887,979.3861556893323,4
C4_P4_G1.wav,1043.89267634375,468.5147142217428,4
C4_P4_G2.wav,1045.824234892217,533.5946068810316,4
C4_P4_G3.wav,1062.5331331931077,787.1399395039754,4
C4_P4_G4.wav,1063.1974033104384,656.9805320914462,4
C4_P4_G5.wav,1068.2062728401359,831.7376483644463,4
C4_P5_G1.wav,1082.8724824211895,586.4617094398976,4
C4_P5_G2.wav,1077.8501365023983,538.9059810627289,4
C4_P5_G3.wav,1071.660057467658,434.2960275823234,4
C4_P5_G4.wav,1071.0617358813497,493.50045612100314,4
C4_P5_G5.wav,1055.0429150399254,402.9075112128292,4
C4_P6_G1.wav,1092.9565999949416,813.5298299305601,4
C4_P6_G2.wav,1074.0870604487884,635.4771185951968,4
C4_P6_G3.wav,1135.5287919543116,1070.2384615573264,4
C4_P6_G4.wav,1105.2222436154443,800.8365166974893,4
C4_P6_G5.wav,1092.456314099623,814.2012340858389,4
C4_P7_G1.wav,1090.908217636454,881.5042933892407,4
C4_P7_G2.wav,1097.0191832527794,883.9757714869412,4
C4_P7_G3.wav,1108.5063642529508,1079.6675299512583,4
C4_P7_G4.wav,1076.5289878932113,695.4444648091898,4
C4_P7_G5.wav,1107.6847575936124,990.1992743494957,4
C4_P8_G1.wav,1070.1750305255534,1209.5017194226007,4
C4_P8_G2.wav,1072.413067503326,853.1259639039309,4
C4_P8_G3.wav,1101.3274728867052,857.1082887139761,4
C4_P8_G4.wav,1087.296135002986,1107.8577388365154,4
C4_P8_G5.wav,1082.0107771156686,524.5336563193055,4
C4_P9_G1.wav,1062.697964798705,763.5199128368449,4
C4_P9_G2.wav,1056.5081714975556,667.9915054930842,4
C4_P9_G3.wav,1056.4325553139706,743.0200882004187,4
C4_P9_G4.wav,1064.8760323580766,848.0602269671969,4
C4_P9_G5.wav,1062.2246742318996,818.5972677936202,4
C5_P10_G1.wav,1073.4717617212764,294.89969129882587,5
C5_P10_G2.wav,1062.7124897435615,291.8278128907185,5
C5_P10_G3.wav,1061.3105867109346,281.82806609398267,5
C5_P10_G4.wav,1046.518084025839,265.0399172187253,5
C5_P10_G5.wav,1047.1176526894826,300.21696031033883,5
C5_P11_G1.wav,1044.555503787336,299.9604367898037,5
C5_P11_G2.wav,1039.2514037713077,259.1669292058018,5
C5_P11_G3.wav,1049.743534779032,384.1728833561713,5
C5_P11_G4.wav,1081.4665375402174,611.5176398215191,5
C5_P11_G5.wav,1045.5083182484934,349.6081162996462,5
C5_P12_G1.wav,2669.2636489042384,1961.8132825787532,5
C5_P12_G2.wav,2008.5585550677881,1347.711832045803,5
C5_P12_G3.wav,1976.1977496836496,1629.8289842699032,5
C5_P12_G4.wav,1886.9849377453686,1465.4962147592887,5
C5_P12_G5.wav,1495.5695420119312,1205.1738373554406,5
C5_P13_G1.wav,1040.0182423464153,356.2256734698658,5
C5_P13_G2.wav,1058.6142067832716,257.81770013473357,5
C5_P13_G3.wav,1053.9729860022735,264.6796824279586,5
C5_P13_G4.wav,1063.5875615634714,263.6849079683521,5
C5_P13_G5.wav,1041.6665345075567,198.00743341377012,5
C5_P14_G1.wav,1032.61580661316,137.7163872899944,5
C5_P14_G2.wav,1028.582135002864,112.6989128491997,5
C5_P14_G3.wav,1032.533757373288,188.9247348319394,5
C5_P14_G4.wav,1039.0447491750826,243.05888154521148,5
C5_P14_G5.wav,1037.2551289461294,199.43246357025924,5
C5_P15_G1.wav,1104.9868888243468,409.2256125719848,5
C5_P15_G2.wav,1100.646997428404,427.4629670012306,5
C5_P15_G3.wav,1116.8551766518035,395.7085939364962,5
C5_P15_G4.wav,1085.83952800998,369.37643910056886,5
C5_P15_G5.wav,1084.6807961635527,275.3011778896908,5
C5_P16_G1.wav,5492.427799300009,17287.67792026941,5
C5_P16_G2.wav,5668.547363069903,11310.571095819743,5
C5_P16_G3.wav,7089.91861777837,8316.788731564375,5
C5_P16_G4.wav,6335.586527673642,9266.579574350862,5
C5_P16_G5.wav,7195.918333538642,11446.054802806517,5
C5_P17_G1.wav,3744.633436593615,6409.207753569253,5
C5_P17_G2.wav,5773.855857388786,4421.639233330895,5
C5_P17_G3.wav,5723.545866363018,5974.931539083808,5
C5_P17_G4.wav,4874.685679572238,5300.363139797978,5
C5_P17_G5.wav,4924.153013720193,7040.911457340624,5
C5_P18_G1.wav,5073.162373556034,4136.305805251662,5
C5_P18_G2.wav,3118.266785250813,2211.791363320326,5
C5_P18_G3.wav,2382.9066051937425,2227.3694436379274,5
C5_P18_G4.wav,3255.452306946026,1756.6713947701314,5
C5_P18_G5.wav,2366.3058048423463,2556.9146973598004,5
C5_P1_G1.wav,1033.666121653409,198.85090100896164,5
C5_P1_G2.wav,1031.0261800427575,134.50111469280822,5
C5_P1_G3.wav,1029.6388937303211,117.17061656052064,5
C5_P1_G4.wav,1030.7602241994427,117.09487492294176,5
C5_P1_G5.wav,1030.2757888188612,155.13916191553795,5
C5_P2_G1.wav,1050.478675227108,262.9092285443211,5
C5_P2_G2.wav,1054.3643608606417,428.28779063178933,5
C5_P2_G3.wav,1053.256813249587,425.2471935350979,5
C5_P2_G4.wav,1057.618633637589,337.4786873571818,5
C5_P2_G5.wav,1118.4732319804766,571.1434878613201,5
C5_P3_G1.wav,1182.8293455285436,824.5472216326441,5
C5_P3_G2.wav,1221.0871233090456,908.3852600189008,5
C5_P3_G3.wav,1103.218281328388,691.8832801240904,5
C5_P3_G4.wav,1179.0789266578745,939.3121792067217,5
C5_P3_G5.wav,1118.6325447306265,890.4361419373456,5
C5_P4_G1.wav,1063.125982703701,392.02382563390574,5
C5_P4_G2.wav,1079.2556245645303,260.704313957404,5
C5_P4_G3.wav,1063.5123404230264,333.04062691651785,5
C5_P4_G4.wav,1044.2435636103914,142.4228846414144,5
C5_P4_G5.wav,1034.5138554316597,106.63597118478079,5
C5_P5_G1.wav,1049.3241711536414,249.9016400555889,5
C5_P5_G2.wav,1042.3642593483191,246.8798695733014,5
C5_P5_G3.wav,1041.8608993602204,203.92181928798246,5
C5_P5_G4.wav,1041.6851275739323,195.59943315782792,5
C5_P5_G5.wav,1041.581006110571,194.94881745824244,5
C5_P6_G1.wav,1122.4822742076533,1185.2443613501173,5
C5_P6_G2.wav,1080.571620228508,1143.288723079203,5
C5_P6_G3.wav,1069.4762666282004,603.1333404441792,5
C5_P6_G4.wav,1090.2773869493421,740.3996163606353,5
C5_P6_G5.wav,1097.0572363131794,849.1429949394524,5
C5_P7_G1.wav,1068.5083275411193,397.7703392353276,5
C5_P7_G2.wav,1101.0705258675016,864.4372023022618,5
C5_P7_G3.wav,1076.1493212893647,683.2531593269966,5
C5_P7_G4.wav,1070.6793567921857,408.86720638813006,5
C5_P7_G5.wav,1043.6292700265753,243.15685057746762,5
C5_P8_G1.wav,1044.6745599077447,217.5391620576741,5
C5_P8_G2.wav,1053.5893030590669,177.34065643212531,5
C5_P8_G3.wav,1072.1810317528625,277.05414401268604,5
C5_P8_G4.wav,1057.662889064052,177.32246603274342,5
C5_P8_G5.wav,1054.6631796218146,218.54732554272056,5
C5_P9_G1.wav,1046.7333795955717,302.51729530904134,5
C5_P9_G2.wav,1044.174466095626,185.62392027352178,5
C5_P9_G3.wav,1057.0980329895872,333.51814156407835,5
C5_P9_G4.wav,1051.6356791532808,382.3694633277116,5
C5_P9_G5.wav,1053.0438822097094,306.0752116353079,5
C6_P10_G1.wav,1051.2846468516302,421.15934229025197,6
C6_P10_G2.wav,1071.2790913056751,800.1998865656558,6
C6_P10_G3.wav,1050.4887646127743,242.2536074149527,6
C6_P10_G4.wav,1045.2570718266952,257.4105180456329,6
C6_P10_G5.wav,1050.3619752746902,165.3990744144167,6
C6_P11_G1.wav,1043.968991531232,486.1058924829122,6
C6_P11_G2.wav,1036.0991017288009,310.86843969151994,6
C6_P11_G3.wav,1050.5694629136942,339.2547373007511,6
C6_P11_G4.wav,1042.1452302106247,420.01389267654883,6
C6_P11_G5.wav,1041.1016657307,354.2887898428424,6
C6_P12_G1.wav,1774.6498918292057,1396.771375316735,6
C6_P12_G2.wav,1998.54773514499,1689.185145722978,6
C6_P12_G3.wav,1342.3156649720036,1067.5935247903187,6
C6_P12_G4.wav,1514.1253499517245,1092.5618145937426,6
C6_P12_G5.wav,1459.4006375032159,1244.1018785705694,6
C6_P13_G1.wav,1068.7127834390062,305.3350922860032,6
C6_P13_G2.wav,1045.785938066108,297.3666981783062,6
C6_P13_G3.wav,1050.5434414068166,233.97843722669126,6
C6_P13_G4.wav,1045.3037967412438,158.6143525333924,6
C6_P13_G5.wav,1066.1086378115422,349.8281599799272,6
C6_P14_G1.wav,1060.0827122176242,325.3795587578366,6
C6_P14_G2.wav,1029.2842033318043,104.89260814283665,6
C6_P14_G3.wav,1032.6828116805984,216.57930124335653,6
C6_P14_G4.wav,1030.7732784058155,138.0503310639216,6
C6_P14_G5.wav,1029.4680922221892,84.76364428644338,6
C6_P15_G1.wav,1100.959334162061,477.83278685880174,6
C6_P15_G2.wav,1089.0905454147608,578.2896778334442,6
C6_P15_G3.wav,1081.5557608122897,579.1514343728422,6
C6_P15_G4.wav,1086.8658496640674,629.2688048702014,6
C6_P15_G5.wav,1067.0655390352015,521.5510387729425,6
C6_P16_G1.wav,6480.715533139172,28035.95877651919,6
C6_P16_G2.wav,5750.2843342266015,17627.555309133502,6
C6_P16_G3.wav,6191.779415311186,10571.372720885009,6
C6_P16_G4.wav,5293.748220374523,17534.838946501895,6
C6_P16_G5.wav,5951.573117464528,20119.052530398803,6
C6_P17_G1.wav,4122.108649292996,10565.822729015232,6
C6_P17_G2.wav,3509.868466631651,7698.351780778283,6
C6_P17_G3.wav,4727.0351720712,6804.803848029295,6
C6_P17_G4.wav,3503.8852421174056,6268.547793050596,6
C6_P17_G5.wav,4727.0351720712,6804.803848029295,6
C6_P18_G1.wav,3514.359221552174,10811.438005358737,6
C6_P18_G2.wav,2079.3940852589308,4666.942593502087,6
C6_P18_G3.wav,3009.040239129543,9891.651368752124,6
C6_P18_G4.wav,2891.731098060837,7383.609489117759,6
C6_P18_G5.wav,2834.5981432441413,5968.565188259149,6
C6_P1_G1.wav,1044.6652009425093,164.82634742477399,6
C6_P1_G2.wav,1048.862645620529,205.06264975029038,6
C6_P1_G3.wav,1042.8288823993364,223.01600773685917,6
C6_P1_G4.wav,1046.1735627927312,279.2166708351515,6
C6_P1_G5.wav,1040.3915882495553,188.13763307940982,6
C6_P2_G1.wav,1066.9715460226807,371.3806608641651,6
C6_P2_G2.wav,1042.2397387938704,252.02052367494633,6
C6_P2_G3.wav,1055.6486166785924,477.29157318387865,6
C6_P2_G4.wav,1050.7772880541575,333.1680953032426,6
C6_P2_G5.wav,1050.3231277906614,338.61611689658315,6
C6_P3_G1.wav,1065.4137561051173,329.52000380486186,6
C6_P3_G2.wav,1067.9603736256536,390.55265433678903,6
C6_P3_G3.wav,1064.9576721649232,481.58462438640953,6
C6_P3_G4.wav,1092.2146646021513,552.168838239488,6
C6_P3_G5.wav,1085.9422724291155,513.6277072408159,6
C6_P4_G1.wav,1030.9486091668384,130.37951197845294,6
C6_P4_G2.wav,1030.1981587155556,106.74601383887736,6
C6_P4_G3.wav,1032.523434616701,156.44240339385968,6
C6_P4_G4.wav,1029.187993238153,110.12023917821915,6
C6_P4_G5.wav,1118.8310467583883,720.8675338795093,6
C6_P5_G1.wav,1074.4770297363032,473.55725167383935,6
C6_P5_G2.wav,1063.073398147649,363.3421481458314,6
C6_P5_G3.wav,1056.6760612853411,370.5847512209485,6
C6_P5_G4.wav,1058.5391030512587,340.96557271299,6
C6_P5_G5.wav,1072.3935235617814,324.42779756674724,6
C6_P6_G1.wav,1054.8094723982745,453.2874214857748,6
C6_P6_G2.wav,1069.2864884476662,611.0445390604772,6
C6_P6_G3.wav,1052.246237314319,565.1079867510965,6
C6_P6_G4.wav,1045.9060374151286,442.51876518289095,6
C6_P6_G5.wav,1044.7975070529158,404.46172300776624,6
C6_P7_G1.wav,1046.8692135323274,224.3932353506473,6
C6_P7_G2.wav,1050.3237885192675,189.59795407659414,6
C6_P7_G3.wav,1040.1983756895725,158.8768605288806,6
C6_P7_G4.wav,1047.3051716538685,205.16984335712638,6
C6_P7_G5.wav,1059.3065294253588,241.87552568549881,6
C6_P8_G1.wav,1046.8602915377794,223.76681431982163,6
C6_P8_G2.wav,1051.786867174923,257.1660333388494,6
C6_P8_G3.wav,1068.3699576757472,317.35453086972285,6
C6_P8_G4.wav,1039.778657737286,206.9059106994806,6
C6_P8_G5.wav,1049.762566013657,284.2754067239001,6
C6_P9_G1.wav,1043.6191518058715,455.61325959834124,6
C6_P9_G2.wav,1035.8282387340785,367.54151643333574,6
C6_P9_G3.wav,1035.2537762753518,187.46830043961756,6
C6_P9_G4.wav,1036.2916912175854,184.64588398998185,6
C6_P9_G5.wav,1035.5099085133793,287.77680109051636,6
C7_P10_G1.wav,1045.366723383195,494.54874768383263,7
C7_P10_G2.wav,1068.532358906051,603.7948149174537,7
C7_P10_G3.wav,1060.540293295601,613.8047360724753,7
C7_P10_G4.wav,1059.8347418359212,505.98449930027374,7
C7_P10_G5.wav,1053.6864080516766,570.6697099979173,7
C7_P11_G1.wav,1057.020861936835,310.4165973402444,7
C7_P11_G2.wav,1051.0577932212354,314.5904145596842,7
C7_P11_G3.wav,1040.9644931793387,245.65596373376027,7
C7_P11_G4.wav,1043.9176963456441,275.25091262520897,7
C7_P11_G5.wav,1038.6894280721492,234.1714272993714,7
C7_P12_G1.wav,1703.8588051870183,2445.4952528209037,7
C7_P12_G2.wav,1320.6360720564285,1673.4413850444143,7
C7_P12_G3.wav,1620.4418249054395,1086.6432105562012,7
C7_P12_G4.wav,1223.8618186909434,1223.9181923965045,7
C7_P12_G5.wav,1533.1681584123971,826.6774642118856,7
C7_P13_G1.wav,1088.026563263252,394.06375831668913,7
C7_P13_G2.wav,1104.246142699989,759.5388708908442,7
C7_P13_G3.wav,1147.6173794534716,1115.4807567134862,7
C7_P13_G4.wav,1109.7394797314378,984.3330098423694,7
C7_P13_G5.wav,1126.8429223534522,736.8880686913554,7
C7_P14_G1.wav,1031.063815417002,188.84762806711154,7
C7_P14_G2.wav,1050.8354180871233,424.0650907994903,7
C7_P14_G3.wav,1037.4635490219828,312.5772175961172,7
C7_P14_G4.wav,1033.3173954598644,337.5116712096405,7
C7_P14_G5.wav,1035.414301302395,230.2122785508202,7
C7_P15_G1.wav,1103.9095187311927,575.2114677591449,7
C7_P15_G2.wav,1074.5644982359731,636.7969644144404,7
C7_P15_G3.wav,1071.1792910395186,655.3806298058525,7
C7_P15_G4.wav,1058.1870307192062,399.3050448327672,7
C7_P15_G5.wav,1067.2666893547967,466.14643648068466,7
C7_P16_G1.wav,6721.37572260205,47325.492628949534,7
C7_P16_G2.wav,3754.81428714416,8209.014909290243,7
C7_P16_G3.wav,4632.641547885052,8167.960807360617,7
C7_P16_G4.wav,6010.556856112371,21347.17808659889,7
C7_P16_G5.wav,7399.0577153115,38112.059303973656,7
C7_P17_G1.wav,5493.598825332387,10001.05306530684,7
C7_P17_G2.wav,5064.757439660677,7633.013939045215,7
C7_P17_G3.wav,4633.027989918572,9338.334216499336,7
C7_P17_G4.wav,4945.217568581204,9993.346751088464,7
C7_P17_G5.wav,7493.838080588319,14507.375333510612,7
C7_P18_G1.wav,4468.928851131127,9025.309267682038,7
C7_P18_G2.wav,4014.748300324444,8193.371774896359,7
C7_P18_G3.wav,3807.664869334734,7632.629870747335,7
C7_P18_G4.wav,3718.6262507695064,7833.036825532173,7
C7_P18_G5.wav,3077.445463975339,4382.057548421026,7
C7_P1_G1.wav,1074.672571057984,373.2685452641351,7
C7_P1_G2.wav,1073.6527073325026,462.00472490875273,7
C7_P1_G3.wav,1050.210698016543,254.9741584648008,7
C7_P1_G4.wav,1068.031422328354,322.17084644234484,7
C7_P1_G5.wav,1077.6028969890126,424.6109197466905,7
C7_P2_G1.wav,1069.2461804828386,279.18378226049043,7
C7_P2_G2.wav,1068.3118906351235,436.1958303787033,7
C7_P2_G3.wav,1087.7960820323083,391.43439585846136,7
C7_P2_G4.wav,1071.1950657097375,338.20093054046464,7
C7_P2_G5.wav,1058.7294205200965,309.72311313728005,7
C7_P3_G1.wav,1113.2400901002466,778.459361382779,7
C7_P3_G2.wav,1146.8632136617427,1489.2128961340625,7
C7_P3_G3.wav,1098.399823321631,1087.8363087673004,7
C7_P3_G4.wav,1098.5111402793782,1060.4192447284697,7
C7_P3_G5.wav,1108.196641101491,1339.1644132707304,7
C7_P4_G1.wav,1035.811534870587,246.30955584420946,7
C7_P4_G2.wav,1033.4914268581592,451.8879339451664,7
C7_P4_G3.wav,1031.9725992634242,289.9325646873282,7
C7_P4_G4.wav,1034.4966232413776,410.58102685188413,7
C7_P4_G5.wav,1033.6975487386558,406.0788344849155,7
C7_P5_G1.wav,1090.9777073168477,316.21584494495625,7
C7_P5_G2.wav,1100.2543305915428,500.7352414930422,7
C7_P5_G3.wav,1078.317490946741,618.8848257532406,7
C7_P5_G4.wav,1075.6594697944513,462.997819996,7
C7_P5_G5.wav,1062.9628955595992,468.91436740862036,7
C7_P6_G1.wav,1229.3812569369659,1095.5690733671906,7
C7_P6_G2.wav,1114.4867372592382,710.2903227190027,7
C7_P6_G3.wav,1079.9963646909655,549.5674141895132,7
C7_P6_G4.wav,1095.0877016503844,566.8023751179112,7
C7_P6_G5.wav,1067.91403798369,490.9004865778869,7
C7_P7_G1.wav,1113.8771401681713,310.82721596174633,7
C7_P7_G2.wav,1073.312162985156,260.4450932559688,7
C7_P7_G3.wav,1060.2802773610147,262.7357629401361,7
C7_P7_G4.wav,1050.5442738062186,325.34222019019376,7
C7_P7_G5.wav,1056.9862279558859,238.1610250800264,7
C7_P8_G1.wav,1057.938557089028,233.916070465444,7
C7_P8_G2.wav,1098.1310154249297,348.044261984948,7
C7_P8_G3.wav,1067.3309194276396,173.69875719105735,7
C7_P8_G4.wav,1065.3315481602085,224.80909374824398,7
C7_P8_G5.wav,1065.5584249896735,303.41158886068763,7
C7_P9_G1.wav,1058.3403392788032,447.2565182902266,7
C7_P9_G2.wav,1068.0374194553406,528.9880768545663,7
C7_P9_G3.wav,1058.7232896630214,414.633942372227,7
C7_P9_G4.wav,1083.7051188718935,905.1840576985124,7
C7_P9_G5.wav,1072.9291906226922,511.9482877869143,7
C8_P10_G1.wav,1053.3256753280684,406.957148147894,8
C8_P10_G2.wav,1057.8064081728803,499.64775716388067,8
C8_P10_G3.wav,1071.2175638537747,687.4218459595992,8
C8_P10_G4.wav,1064.715528196093,743.6141154308914,8
C8_P10_G5.wav,1072.086092939986,699.6921499700119,8
C8_P11_G1.wav,1035.9908204574856,187.60801245961272,8
C8_P11_G2.wav,1033.8270266205182,161.91709469015262,8
C8_P11_G3.wav,1033.249548145782,162.86780934278687,8
C8_P11_G4.wav,1038.150481895034,278.7857999877546,8
C8_P11_G5.wav,1036.7363380192364,189.55677034722598,8
C8_P12_G1.wav,1363.858665253489,1151.89261585589,8
C8_P12_G2.wav,1663.149729785932,1264.2428729251105,8
C8_P12_G3.wav,1460.7781714717803,1044.9570386124738,8
C8_P12_G4.wav,1349.573753971432,1174.6644314522694,8
C8_P12_G5.wav,1419.3328256154896,1016.328978362972,8
C8_P13_G1.wav,1094.7457668898646,398.3820849525085,8
C8_P13_G2.wav,1065.6780029456281,243.6023762784976,8
C8_P13_G3.wav,1067.3739533896114,267.17524486090286,8
C8_P13_G4.wav,1058.0415792128883,281.87709032177287,8
C8_P13_G5.wav,1093.7595819244,282.1739742555159,8
C8_P14_G1.wav,1028.1665098519459,118.16754679745866,8
C8_P14_G2.wav,1029.1893784755657,131.2931720905456,8
C8_P14_G3.wav,1034.235041030539,204.79313896240467,8
C8_P14_G4.wav,1031.3881591869224,259.20933191505867,8
C8_P14_G5.wav,1032.2500072015782,119.6510871099342,8
C8_P15_G1.wav,1081.0087260208163,566.4760764380551,8
C8_P15_G2.wav,1077.5478509579605,618.2584724054274,8
C8_P15_G3.wav,1063.0759043150688,457.96593868240893,8
C8_P15_G4.wav,1079.2875732622117,513.9706571346786,8
C8_P15_G5.wav,1057.2748034134627,475.81354343483554,8
C8_P16_G1.wav,6694.503337489166,32931.09054223452,8
C8_P16_G2.wav,6694.503337489166,32931.09054223452,8
C8_P16_G3.wav,6708.119017388996,25351.396454730395,8
C8_P16_G4.wav,5305.0641547151945,12800.384783885092,8
C8_P16_G5.wav,7149.093382763272,12308.650368268865,8
C8_P17_G1.wav,4686.486330859643,13837.092834520105,8
C8_P17_G2.wav,4686.486330859643,13837.092834520105,8
C8_P17_G3.wav,5480.294574801375,11687.741266358491,8
C8_P17_G4.wav,3289.6685198735304,9024.067177936273,8
C8_P17_G5.wav,5064.762759691024,14888.060165493742,8
C8_P18_G1.wav,2478.588575422579,4249.211431480329,8
C8_P18_G2.wav,2406.5119923150946,5242.517919084931,8
C8_P18_G3.wav,2382.5071518252,4291.155160612745,8
C8_P18_G4.wav,2780.4970427533367,4212.2579376215635,8
C8_P18_G5.wav,4067.593751987076,8434.600053560425,8
C8_P1_G1.wav,1063.5729725813587,658.2679932464656,8
C8_P1_G2.wav,1052.2812765858494,486.2019217752099,8
C8_P1_G3.wav,1045.0417889159892,415.71676921590483,8
C8_P1_G4.wav,1045.8885571813137,326.4161940318799,8
C8_P1_G5.wav,1044.0832486151746,389.232101899084,8
C8_P2_G1.wav,1055.9636216201914,403.989071349578,8
C8_P2_G2.wav,1060.6566456800342,667.9311860296057,8
C8_P2_G3.wav,1055.8371347838556,481.3428904217697,8
C8_P2_G4.wav,1065.5027754151697,630.6585427377238,8
C8_P2_G5.wav,1074.7995181799702,648.8373328598391,8
C8_P3_G1.wav,1093.3325971168852,851.8862622576031,8
C8_P3_G2.wav,1106.1588055258644,883.8006827392993,8
C8_P3_G3.wav,1121.346419118108,1450.7798351220504,8
C8_P3_G4.wav,1097.485413118996,996.3431221774237,8
C8_P3_G5.wav,1094.685475553131,1234.3847299531415,8
C8_P4_G1.wav,1031.5331286775909,138.57639837049982,8
C8_P4_G2.wav,1036.5689208319748,264.9620563566949,8
C8_P4_G3.wav,1037.3381926093382,240.5644101554577,8
C8_P4_G4.wav,1038.764237701653,387.14253329243553,8
C8_P4_G5.wav,1033.0044531649128,316.5680494592773,8
C8_P5_G1.wav,1078.7499505263302,395.9817551184877,8
C8_P5_G2.wav,1055.5853359283478,302.8141181504892,8
C8_P5_G3.wav,1054.2111324694474,252.65465641161884,8
C8_P5_G4.wav,1048.1359757095966,250.67071919466156,8
C8_P5_G5.wav,1049.2376923257848,231.0137608653748,8
C8_P6_G1.wav,1042.300767620238,181.31642458830916,8
C8_P6_G2.wav,1050.500356735833,254.92780905256646,8
C8_P6_G3.wav,1049.2485258856889,271.5812480390739,8
C8_P6_G4.wav,1041.3355140919555,236.11352414458452,8
C8_P6_G5.wav,1047.2069771517508,272.80678180032754,8
C8_P7_G1.wav,1054.6010671350596,370.892954908554,8
C8_P7_G2.wav,1049.8589306557615,372.10940088881216,8
C8_P7_G3.wav,1041.701274868346,261.504067483646,8
C8_P7_G4.wav,1039.0876362632434,308.128879233192,8
C8_P7_G5.wav,1037.3033147866015,264.7912565702027,8
C8_P8_G1.wav,1064.2478822027929,279.41837076510217,8
C8_P8_G2.wav,1055.6673281670962,339.87222736938907,8
C8_P8_G3.wav,1048.1060396637213,283.41101512099607,8
C8_P8_G4.wav,1052.9017009385177,313.3302826684698,8
C8_P8_G5.wav,1049.9320996261706,330.2534989082885,8
C8_P9_G1.wav,1044.1697309530437,337.12148804948606,8
C8_P9_G2.wav,1041.0934939715464,328.4354691727093,8
C8_P9_G3.wav,1047.4029506534766,408.27873408528603,8
C8_P9_G4.wav,1042.0652032938642,267.7261981419033,8
C8_P9_G5.wav,1055.4663358990654,483.81713982447053,8
C9_P10_G1.wav,1061.6097363162762,334.39650895510107,9
C9_P10_G2.wav,1069.0668437418162,621.5800743926977,9
C9_P10_G3.wav,1067.2861452236154,442.33208046437767,9
C9_P10_G4.wav,1058.6367504634457,490.31776957343567,9
C9_P10_G5.wav,1073.0506041882163,584.7449818182682,9
C9_P11_G1.wav,1043.8891009683407,185.42698412296397,9
C9_P11_G2.wav,1054.1966396987102,180.81025052415342,9
C9_P11_G3.wav,1055.9297878021143,271.1360191422653,9
C9_P11_G4.wav,1051.2788894521177,272.4839550539583,9
C9_P11_G5.wav,1035.1917282569736,97.15454479819937,9
C9_P12_G1.wav,1626.3285510290846,1012.9128721790061,9
C9_P12_G2.wav,1478.5487526304053,904.3805448534907,9
C9_P12_G3.wav,1452.9827601720474,1046.588736814992,9
C9_P12_G4.wav,1365.365547911388,761.8931129608557,9
C9_P12_G5.wav,1388.9400663763724,1245.777902689494,9
C9_P13_G1.wav,1128.804176205981,307.76285992779924,9
C9_P13_G2.wav,1108.7960196269769,276.58489508482035,9
C9_P13_G3.wav,1160.857103936897,466.16353860896265,9
C9_P13_G4.wav,1096.7201127494607,335.6659003672919,9
C9_P13_G5.wav,1135.4859504337235,228.10103602804432,9
C9_P14_G1.wav,1047.4094041444096,281.54345418473395,9
C9_P14_G2.wav,1036.2717796332397,241.9258665101419,9
C9_P14_G3.wav,1036.096755806861,244.1078032234853,9
C9_P14_G4.wav,1033.221210143396,209.99181680687173,9
C9_P14_G5.wav,1098.2675071371152,293.1165049188993,9
C9_P15_G1.wav,1191.5803617767692,333.79962992087985,9
C9_P15_G2.wav,1144.2492717309585,295.30525649200945,9
C9_P15_G3.wav,1147.5718448205969,282.9218567383503,9
C9_P15_G4.wav,1140.86845452364,240.02292787633485,9
C9_P15_G5.wav,1091.3007889062158,219.59373955789482,9
C9_P16_G1.wav,4745.652144999077,16733.028591026003,9
C9_P16_G2.wav,5540.849768198361,5976.441710526845,9
C9_P16_G3.wav,6636.300912253207,5637.649017987736,9
C9_P16_G4.wav,5481.620371072205,7766.652848575537,9
C9_P16_G5.wav,5438.771560380434,12112.779848046212,9
C9_P17_G1.wav,4914.058370111303,6494.618500317639,9
C9_P17_G2.wav,6374.368325644762,6394.098977131021,9
C9_P17_G3.wav,4069.540427664141,5013.620044579161,9
C9_P17_G4.wav,4116.332144798827,10480.29888050288,9
C9_P17_G5.wav,4873.46774435142,4941.979595333452,9
C9_P18_G1.wav,4144.62183182863,3641.531208155464,9
C9_P18_G2.wav,4500.223911511569,3160.094259624624,9
C9_P18_G3.wav,4258.599412714195,3533.604237950885,9
C9_P18_G4.wav,4185.090475141224,3631.803268527123,9
C9_P18_G5.wav,4052.461489093927,3187.5175297620576,9
C9_P1_G1.wav,1061.9025419394286,194.69036849564048,9
C9_P1_G2.wav,1058.8321780523547,245.16348033913272,9
C9_P1_G3.wav,1068.1858272464358,354.40688917954094,9
C9_P1_G4.wav,1047.3472408745176,151.44410245323047,9
C9_P1_G5.wav,1056.4751433481283,159.6171443069407,9
C9_P2_G1.wav,1054.2085072685775,403.58111230489715,9
C9_P2_G2.wav,1068.2361591885465,640.1564947726157,9
C9_P2_G3.wav,1073.903672726148,269.53390398575414,9
C9_P2_G4.wav,1059.2772447033913,553.3746381000254,9
C9_P2_G5.wav,1054.9450183157887,632.712750029368,9
C9_P3_G1.wav,1082.7478227166157,299.90814928507785,9
C9_P3_G2.wav,1093.5051095658328,447.6839697463597,9
C9_P3_G3.wav,1098.7414092177703,312.62198067882036,9
C9_P3_G4.wav,1102.9142648971674,423.24969927551916,9
C9_P3_G5.wav,1084.2319636758957,325.2372160321552,9
C9_P4_G1.wav,1033.7341812613727,207.71340457537696,9
C9_P4_G2.wav,1032.9836009920482,197.61682604576333,9
C9_P4_G3.wav,1043.125476716135,360.96600917178534,9
C9_P4_G4.wav,1033.5465500826058,256.84042801712684,9
C9_P4_G5.wav,1032.5821338423323,157.1420821353456,9
C9_P5_G1.wav,1059.4065035059748,316.7258316408399,9
C9_P5_G2.wav,1077.5800902840044,332.3528223923559,9
C9_P5_G3.wav,1093.3768787744723,286.1307457634723,9
C9_P5_G4.wav,1084.6445232756996,381.3020155467927,9
C9_P5_G5.wav,1073.4343915125612,262.7404886114121,9
C9_P6_G1.wav,1044.3932641244057,199.2861065219019,9
C9_P6_G2.wav,1101.6218441578785,738.0657377204925,9
C9_P6_G3.wav,1068.9692484579891,435.95865792022096,9
C9_P6_G4.wav,1075.5943947850026,454.7233998484458,9
C9_P6_G5.wav,1060.7791610382255,301.266655261815,9
C9_P7_G1.wav,1060.0760244705373,230.9284257252228,9
C9_P7_G2.wav,1051.1763526250147,299.74311484042886,9
C9_P7_G3.wav,1039.8195019961006,162.02721518537862,9
C9_P7_G4.wav,1038.7344306813743,251.56165711154296,9
C9_P7_G5.wav,1048.5923983749194,259.75080684685304,9
C9_P8_G1.wav,1063.720517858318,186.21250728564797,9
C9_P8_G2.wav,1052.8332766848641,161.5219461418505,9
C9_P8_G3.wav,1070.3487245379463,195.99303437021538,9
C9_P8_G4.wav,1069.2564319109124,199.9741349872374,9
C9_P8_G5.wav,1074.049138423336,211.87876452386928,9
C9_P9_G1.wav,1053.8925956195608,205.1965185266752,9
C9_P9_G2.wav,1049.6342785497652,285.05218787827624,9
C9_P9_G3.wav,1048.4478455533906,203.06723302427616,9
C9_P9_G4.wav,1055.4144296916506,214.53053494064275,9
C9_P9_G5.wav,1046.8356401131098,193.76009144127846,9
